,
jedit,
org.gjt.sp.jedit,EBPlugin
,
UI,
org.gjt.sp.jedit.gui,LoadPerspectiveAction
org.gjt.sp.jedit.options,Abbrev
org.gjt.sp.jedit.options,IconTheme
,
pluginmgr,
org.gjt.sp.jedit.pluginmgr,WindowHandler
,
print,
org.gjt.sp.jedit.print,PrintRangeType
,
Syntax,
org.gjt.sp.jedit.syntax,DummyTokenHandler
,
Help,
org.gjt.sp.jedit.help,TOCCellRenderer
,
Buffer,
org.gjt.sp.jedit.buffer,Edit
,
BSH,
org.gjt.sp.jedit.bsh,BSHEnhancedForStatement
org.gjt.sp.jedit.bsh,BSHFormalParameter
org.gjt.sp.jedit.bsh,BSHForStatement
org.gjt.sp.jedit.bsh,BSHForStatement
org.gjt.sp.jedit.bsh,BSHPrimitiveType
org.gjt.sp.jedit.bsh,BSHReturnStatement
org.gjt.sp.jedit.bsh,BSHSwitchLabel
org.gjt.sp.jedit.bsh,BSHVariableDeclarator
org.gjt.sp.jedit.bsh,BSHWhileStatement
org.gjt.sp.jedit.bsh,ClassGenerator
org.gjt.sp.jedit.bsh,Token
